,Date,S&P500
0,2014-08-21,1992.37
1,2014-08-22,1988.4
2,2014-08-25,1997.92
3,2014-08-26,2000.02
4,2014-08-27,2000.12
5,2014-08-28,1996.74
6,2014-08-29,2003.37
7,2014-09-02,2002.28
8,2014-09-03,2000.72
9,2014-09-04,1997.65
10,2014-09-05,2007.71
11,2014-09-08,2001.54
12,2014-09-09,1988.44
13,2014-09-10,1995.69
14,2014-09-11,1997.45
15,2014-09-12,1985.54
16,2014-09-15,1984.13
17,2014-09-16,1998.98
18,2014-09-17,2001.57
19,2014-09-18,2011.36
20,2014-09-19,2010.4
21,2014-09-22,1994.29
22,2014-09-23,1982.77
23,2014-09-24,1998.3
24,2014-09-25,1965.99
25,2014-09-26,1982.85
26,2014-09-29,1977.8
27,2014-09-30,1972.29
28,2014-10-01,1946.16
29,2014-10-02,1946.17
30,2014-10-03,1967.9
31,2014-10-06,1964.82
32,2014-10-07,1935.1
33,2014-10-08,1968.89
34,2014-10-09,1928.21
35,2014-10-10,1906.13
36,2014-10-13,1874.74
37,2014-10-14,1877.7
38,2014-10-15,1862.49
39,2014-10-16,1862.76
40,2014-10-17,1886.76
41,2014-10-20,1904.01
42,2014-10-21,1941.28
43,2014-10-22,1927.11
44,2014-10-23,1950.82
45,2014-10-24,1964.58
46,2014-10-27,1961.63
47,2014-10-28,1985.05
48,2014-10-29,1982.3
49,2014-10-30,1994.65
50,2014-10-31,2018.05
51,2014-11-03,2017.81
52,2014-11-04,2012.1
53,2014-11-05,2023.57
54,2014-11-06,2031.21
55,2014-11-07,2031.92
56,2014-11-10,2038.26
57,2014-11-11,2039.68
58,2014-11-12,2038.25
59,2014-11-13,2039.33
60,2014-11-14,2039.82
61,2014-11-17,2041.32
62,2014-11-18,2051.8
63,2014-11-19,2048.72
64,2014-11-20,2052.75
65,2014-11-21,2063.5
66,2014-11-24,2069.41
67,2014-11-25,2067.03
68,2014-11-26,2072.83
69,2014-11-28,2067.56
70,2014-12-01,2053.44
71,2014-12-02,2066.55
72,2014-12-03,2074.33
73,2014-12-04,2071.92
74,2014-12-05,2075.37
75,2014-12-08,2060.31
76,2014-12-09,2059.82
77,2014-12-10,2026.14
78,2014-12-11,2035.33
79,2014-12-12,2002.33
80,2014-12-15,1989.63
81,2014-12-16,1972.74
82,2014-12-17,2012.89
83,2014-12-18,2061.23
84,2014-12-19,2070.65
85,2014-12-22,2078.54
86,2014-12-23,2082.17
87,2014-12-24,2081.88
88,2014-12-26,2088.77
89,2014-12-29,2090.57
90,2014-12-30,2080.35
91,2014-12-31,2058.9
92,2015-01-02,2058.2
93,2015-01-05,2020.58
94,2015-01-06,2002.61
95,2015-01-07,2025.9
96,2015-01-08,2062.14
97,2015-01-09,2044.81
98,2015-01-12,2028.26
99,2015-01-13,2023.03
100,2015-01-14,2011.27
101,2015-01-15,1992.67
102,2015-01-16,2019.42
103,2015-01-20,2022.55
104,2015-01-21,2032.12
105,2015-01-22,2063.15
106,2015-01-23,2051.82
107,2015-01-26,2057.09
108,2015-01-27,2029.55
109,2015-01-28,2002.16
110,2015-01-29,2021.25
111,2015-01-30,1994.99
112,2015-02-02,2020.85
113,2015-02-03,2050.03
114,2015-02-04,2041.51
115,2015-02-05,2062.52
116,2015-02-06,2055.47
117,2015-02-09,2046.74
118,2015-02-10,2068.59
119,2015-02-11,2068.53
120,2015-02-12,2088.48
121,2015-02-13,2096.99
122,2015-02-17,2100.34
123,2015-02-18,2099.68
124,2015-02-19,2097.45
125,2015-02-20,2110.3
126,2015-02-23,2109.66
127,2015-02-24,2115.48
128,2015-02-25,2113.86
129,2015-02-26,2110.74
130,2015-02-27,2104.5
131,2015-03-02,2117.39
132,2015-03-03,2107.78
133,2015-03-04,2098.53
134,2015-03-05,2101.04
135,2015-03-06,2071.26
136,2015-03-09,2079.43
137,2015-03-10,2044.16
138,2015-03-11,2040.24
139,2015-03-12,2065.95
140,2015-03-13,2053.4
141,2015-03-16,2081.19
142,2015-03-17,2074.28
143,2015-03-18,2099.5
144,2015-03-19,2089.27
145,2015-03-20,2108.1
146,2015-03-23,2104.42
147,2015-03-24,2091.5
148,2015-03-25,2061.05
149,2015-03-26,2056.15
150,2015-03-27,2061.02
151,2015-03-30,2086.24
152,2015-03-31,2067.89
153,2015-04-01,2059.69
154,2015-04-02,2066.96
155,2015-04-06,2080.62
156,2015-04-07,2076.33
157,2015-04-08,2081.9
158,2015-04-09,2091.18
159,2015-04-10,2102.06
160,2015-04-13,2092.43
161,2015-04-14,2095.84
162,2015-04-15,2106.63
163,2015-04-16,2104.99
164,2015-04-17,2081.18
165,2015-04-20,2100.4
166,2015-04-21,2097.29
167,2015-04-22,2107.96
168,2015-04-23,2112.93
169,2015-04-24,2117.69
170,2015-04-27,2108.92
171,2015-04-28,2114.76
172,2015-04-29,2106.85
173,2015-04-30,2085.51
174,2015-05-01,2108.29
175,2015-05-04,2114.49
176,2015-05-05,2089.46
177,2015-05-06,2080.15
178,2015-05-07,2088.0
179,2015-05-08,2116.1
180,2015-05-11,2105.33
181,2015-05-12,2099.12
182,2015-05-13,2098.48
183,2015-05-14,2121.1
184,2015-05-15,2122.73
185,2015-05-18,2129.2
186,2015-05-19,2127.83
187,2015-05-20,2125.85
188,2015-05-21,2130.82
189,2015-05-22,2126.06
190,2015-05-26,2104.2
191,2015-05-27,2123.48
192,2015-05-28,2120.79
193,2015-05-29,2107.39
194,2015-06-01,2111.73
195,2015-06-02,2109.6
196,2015-06-03,2114.07
197,2015-06-04,2095.84
198,2015-06-05,2092.83
199,2015-06-08,2079.28
200,2015-06-09,2080.15
201,2015-06-10,2105.2
202,2015-06-11,2108.86
203,2015-06-12,2094.11
204,2015-06-15,2084.43
205,2015-06-16,2096.29
206,2015-06-17,2100.44
207,2015-06-18,2121.24
208,2015-06-19,2109.99
209,2015-06-22,2122.85
210,2015-06-23,2124.2
211,2015-06-24,2108.58
212,2015-06-25,2102.31
213,2015-06-26,2101.49
214,2015-06-29,2057.64
215,2015-06-30,2063.11
216,2015-07-01,2077.42
217,2015-07-02,2076.78
218,2015-07-06,2068.76
219,2015-07-07,2081.34
220,2015-07-08,2046.68
221,2015-07-09,2051.31
222,2015-07-10,2076.62
223,2015-07-13,2099.6
224,2015-07-14,2108.95
225,2015-07-15,2107.4
226,2015-07-16,2124.29
227,2015-07-17,2126.64
228,2015-07-20,2128.28
229,2015-07-21,2119.21
230,2015-07-22,2114.15
231,2015-07-23,2102.15
232,2015-07-24,2079.65
233,2015-07-27,2067.64
234,2015-07-28,2093.25
235,2015-07-29,2108.57
236,2015-07-30,2108.63
237,2015-07-31,2103.84
238,2015-08-03,2098.04
239,2015-08-04,2093.32
240,2015-08-05,2099.84
241,2015-08-06,2083.56
242,2015-08-07,2077.57
243,2015-08-10,2104.18
244,2015-08-11,2084.07
245,2015-08-12,2086.05
246,2015-08-13,2083.39
247,2015-08-14,2091.54
248,2015-08-17,2102.44
249,2015-08-18,2096.92
250,2015-08-19,2079.61
251,2015-08-20,2035.73
252,2015-08-21,1970.89
253,2015-08-24,1893.21
254,2015-08-25,1867.61
255,2015-08-26,1940.51
256,2015-08-27,1987.66
257,2015-08-28,1988.87
258,2015-08-31,1972.18
259,2015-09-01,1913.85
260,2015-09-02,1948.86
261,2015-09-03,1951.13
262,2015-09-04,1921.22
263,2015-09-08,1969.41
264,2015-09-09,1942.04
265,2015-09-10,1952.29
266,2015-09-11,1961.05
267,2015-09-14,1953.03
268,2015-09-15,1978.09
269,2015-09-16,1995.31
270,2015-09-17,1990.2
271,2015-09-18,1958.03
272,2015-09-21,1966.97
273,2015-09-22,1942.74
274,2015-09-23,1938.76
275,2015-09-24,1932.24
276,2015-09-25,1931.34
277,2015-09-28,1881.77
278,2015-09-29,1884.09
279,2015-09-30,1920.03
280,2015-10-01,1923.82
281,2015-10-02,1951.36
282,2015-10-05,1987.05
283,2015-10-06,1979.92
284,2015-10-07,1995.83
285,2015-10-08,2013.43
286,2015-10-09,2014.89
287,2015-10-12,2017.46
288,2015-10-13,2003.69
289,2015-10-14,1994.24
290,2015-10-15,2023.86
291,2015-10-16,2033.11
292,2015-10-19,2033.66
293,2015-10-20,2030.77
294,2015-10-21,2018.94
295,2015-10-22,2052.51
296,2015-10-23,2075.15
297,2015-10-26,2071.18
298,2015-10-27,2065.89
299,2015-10-28,2090.35
300,2015-10-29,2089.41
301,2015-10-30,2079.36
302,2015-11-02,2104.05
303,2015-11-03,2109.79
304,2015-11-04,2102.31
305,2015-11-05,2099.93
306,2015-11-06,2099.2
307,2015-11-09,2078.58
308,2015-11-10,2081.72
309,2015-11-11,2075.0
310,2015-11-12,2045.97
311,2015-11-13,2023.04
312,2015-11-16,2053.19
313,2015-11-17,2050.44
314,2015-11-18,2083.58
315,2015-11-19,2081.24
316,2015-11-20,2089.17
317,2015-11-23,2086.59
318,2015-11-24,2089.14
319,2015-11-25,2088.87
320,2015-11-27,2090.11
321,2015-11-30,2080.41
322,2015-12-01,2102.63
323,2015-12-02,2079.51
324,2015-12-03,2049.62
325,2015-12-04,2091.69
326,2015-12-07,2077.07
327,2015-12-08,2063.59
328,2015-12-09,2047.62
329,2015-12-10,2052.23
330,2015-12-11,2012.37
331,2015-12-14,2021.94
332,2015-12-15,2043.41
333,2015-12-16,2073.07
334,2015-12-17,2041.89
335,2015-12-18,2005.55
336,2015-12-21,2021.15
337,2015-12-22,2038.97
338,2015-12-23,2064.29
339,2015-12-24,2060.99
340,2015-12-28,2056.5
341,2015-12-29,2078.36
342,2015-12-30,2063.36
343,2015-12-31,2043.94
344,2016-01-04,2012.66
345,2016-01-05,2016.71
346,2016-01-06,1990.26
347,2016-01-07,1943.09
348,2016-01-08,1922.03
349,2016-01-11,1923.67
350,2016-01-12,1938.68
351,2016-01-13,1890.28
352,2016-01-14,1921.84
353,2016-01-15,1880.33
354,2016-01-19,1881.33
355,2016-01-20,1859.33
356,2016-01-21,1868.99
357,2016-01-22,1906.9
358,2016-01-25,1877.08
359,2016-01-26,1903.63
360,2016-01-27,1882.95
361,2016-01-28,1893.36
362,2016-01-29,1940.24
363,2016-02-01,1939.38
364,2016-02-02,1903.03
365,2016-02-03,1912.53
366,2016-02-04,1915.45
367,2016-02-05,1880.05
368,2016-02-08,1853.44
369,2016-02-09,1852.21
370,2016-02-10,1851.86
371,2016-02-11,1829.08
372,2016-02-12,1864.78
373,2016-02-16,1895.58
374,2016-02-17,1926.82
375,2016-02-18,1917.83
376,2016-02-19,1917.78
377,2016-02-22,1945.5
378,2016-02-23,1921.27
379,2016-02-24,1929.8
380,2016-02-25,1951.7
381,2016-02-26,1948.05
382,2016-02-29,1932.23
383,2016-03-01,1978.35
384,2016-03-02,1986.45
385,2016-03-03,1993.4
386,2016-03-04,1999.99
387,2016-03-07,2001.76
388,2016-03-08,1979.26
389,2016-03-09,1989.26
390,2016-03-10,1989.57
391,2016-03-11,2022.19
392,2016-03-14,2019.64
393,2016-03-15,2015.93
394,2016-03-16,2027.22
395,2016-03-17,2040.59
396,2016-03-18,2049.58
397,2016-03-21,2051.6
398,2016-03-22,2049.8
399,2016-03-23,2036.71
400,2016-03-24,2035.94
401,2016-03-28,2037.05
402,2016-03-29,2055.01
403,2016-03-30,2063.95
404,2016-03-31,2059.74
405,2016-04-01,2072.78
406,2016-04-04,2066.13
407,2016-04-05,2045.17
408,2016-04-06,2066.66
409,2016-04-07,2041.91
410,2016-04-08,2047.6
411,2016-04-11,2041.99
412,2016-04-12,2061.72
413,2016-04-13,2082.42
414,2016-04-14,2082.78
415,2016-04-15,2080.73
416,2016-04-18,2094.34
417,2016-04-19,2100.8
418,2016-04-20,2102.4
419,2016-04-21,2091.48
420,2016-04-22,2091.58
421,2016-04-25,2087.79
422,2016-04-26,2091.7
423,2016-04-27,2095.15
424,2016-04-28,2075.81
425,2016-04-29,2065.3
426,2016-05-02,2081.43
427,2016-05-03,2063.37
428,2016-05-04,2051.12
429,2016-05-05,2050.63
430,2016-05-06,2057.14
431,2016-05-09,2058.69
432,2016-05-10,2084.39
433,2016-05-11,2064.46
434,2016-05-12,2064.11
435,2016-05-13,2046.61
436,2016-05-16,2066.66
437,2016-05-17,2047.21
438,2016-05-18,2047.63
439,2016-05-19,2040.04
440,2016-05-20,2052.32
441,2016-05-23,2048.04
442,2016-05-24,2076.06
443,2016-05-25,2090.54
444,2016-05-26,2090.1
445,2016-05-27,2099.06
446,2016-05-31,2096.96
447,2016-06-01,2099.33
448,2016-06-02,2105.26
449,2016-06-03,2099.13
450,2016-06-06,2109.41
451,2016-06-07,2112.13
452,2016-06-08,2119.12
453,2016-06-09,2115.48
454,2016-06-10,2096.07
455,2016-06-13,2079.06
456,2016-06-14,2075.32
457,2016-06-15,2071.5
458,2016-06-16,2077.99
459,2016-06-17,2071.22
460,2016-06-20,2083.25
461,2016-06-21,2088.9
462,2016-06-22,2085.45
463,2016-06-23,2113.32
464,2016-06-24,2037.41
465,2016-06-27,2000.54
466,2016-06-28,2036.09
467,2016-06-29,2070.77
468,2016-06-30,2098.86
469,2016-07-01,2102.95
470,2016-07-05,2088.55
471,2016-07-06,2099.73
472,2016-07-07,2097.9
473,2016-07-08,2129.9
474,2016-07-11,2137.16
475,2016-07-12,2152.14
476,2016-07-13,2152.43
477,2016-07-14,2163.75
478,2016-07-15,2161.74
479,2016-07-18,2166.89
480,2016-07-19,2163.78
481,2016-07-20,2173.02
482,2016-07-21,2165.17
483,2016-07-22,2175.03
484,2016-07-25,2168.48
485,2016-07-26,2169.18
486,2016-07-27,2166.58
487,2016-07-28,2170.06
488,2016-07-29,2173.6
489,2016-08-01,2170.84
490,2016-08-02,2157.03
491,2016-08-03,2163.79
492,2016-08-04,2164.25
493,2016-08-05,2182.87
494,2016-08-08,2180.89
495,2016-08-09,2181.74
496,2016-08-10,2175.49
497,2016-08-11,2185.79
498,2016-08-12,2184.05
499,2016-08-15,2190.15
500,2016-08-16,2178.15
501,2016-08-17,2182.22
502,2016-08-18,2187.02
503,2016-08-19,2183.87
504,2016-08-22,2182.64
505,2016-08-23,2186.9
506,2016-08-24,2175.44
507,2016-08-25,2172.47
508,2016-08-26,2169.04
509,2016-08-29,2180.38
510,2016-08-30,2176.12
511,2016-08-31,2170.95
512,2016-09-01,2170.86
513,2016-09-02,2179.98
514,2016-09-06,2186.48
515,2016-09-07,2186.16
516,2016-09-08,2181.3
517,2016-09-09,2127.81
518,2016-09-12,2159.04
519,2016-09-13,2127.02
520,2016-09-14,2125.77
521,2016-09-15,2147.26
522,2016-09-16,2139.16
523,2016-09-19,2139.12
524,2016-09-20,2139.76
525,2016-09-21,2163.12
526,2016-09-22,2177.18
527,2016-09-23,2164.69
528,2016-09-26,2146.1
529,2016-09-27,2159.93
530,2016-09-28,2171.37
531,2016-09-29,2151.13
532,2016-09-30,2168.27
533,2016-10-03,2161.2
534,2016-10-04,2150.49
535,2016-10-05,2159.73
536,2016-10-06,2160.77
537,2016-10-07,2153.74
538,2016-10-10,2163.66
539,2016-10-11,2136.73
540,2016-10-12,2139.18
541,2016-10-13,2132.55
542,2016-10-14,2132.98
543,2016-10-17,2126.5
544,2016-10-18,2139.6
545,2016-10-19,2144.29
546,2016-10-20,2141.34
547,2016-10-21,2141.16
548,2016-10-24,2151.33
549,2016-10-25,2143.16
550,2016-10-26,2139.43
551,2016-10-27,2133.04
552,2016-10-28,2126.41
553,2016-10-31,2126.15
554,2016-11-01,2111.72
555,2016-11-02,2097.94
556,2016-11-03,2088.66
557,2016-11-04,2085.18
558,2016-11-07,2131.52
559,2016-11-08,2139.56
560,2016-11-09,2163.26
561,2016-11-10,2167.48
562,2016-11-11,2164.45
563,2016-11-14,2164.2
564,2016-11-15,2180.39
565,2016-11-16,2176.94
566,2016-11-17,2187.12
567,2016-11-18,2181.9
568,2016-11-21,2198.18
569,2016-11-22,2202.94
570,2016-11-23,2204.72
571,2016-11-25,2213.35
572,2016-11-28,2201.72
573,2016-11-29,2204.66
574,2016-11-30,2198.81
575,2016-12-01,2191.08
576,2016-12-02,2191.95
577,2016-12-05,2204.71
578,2016-12-06,2212.23
579,2016-12-07,2241.35
580,2016-12-08,2246.19
581,2016-12-09,2259.53
582,2016-12-12,2256.96
583,2016-12-13,2271.72
584,2016-12-14,2253.28
585,2016-12-15,2262.03
586,2016-12-16,2258.07
587,2016-12-19,2262.53
588,2016-12-20,2270.76
589,2016-12-21,2265.18
590,2016-12-22,2260.96
591,2016-12-23,2263.79
592,2016-12-27,2268.88
593,2016-12-28,2249.92
594,2016-12-29,2249.26
595,2016-12-30,2238.83
596,2017-01-03,2257.83
597,2017-01-04,2270.75
598,2017-01-05,2269.0
599,2017-01-06,2276.98
600,2017-01-09,2268.9
601,2017-01-10,2268.9
602,2017-01-11,2275.32
603,2017-01-12,2270.44
604,2017-01-13,2274.64
605,2017-01-17,2267.89
606,2017-01-18,2271.89
607,2017-01-19,2263.69
608,2017-01-20,2271.31
609,2017-01-23,2265.2
610,2017-01-24,2280.07
611,2017-01-25,2298.37
612,2017-01-26,2296.68
613,2017-01-27,2294.69
614,2017-01-30,2280.9
615,2017-01-31,2278.87
616,2017-02-01,2279.55
617,2017-02-02,2280.85
618,2017-02-03,2297.42
619,2017-02-06,2292.56
620,2017-02-07,2293.08
621,2017-02-08,2294.67
622,2017-02-09,2307.87
623,2017-02-10,2316.1
624,2017-02-13,2328.25
625,2017-02-14,2337.58
626,2017-02-15,2349.25
627,2017-02-16,2347.22
628,2017-02-17,2351.16
629,2017-02-21,2365.38
630,2017-02-22,2362.82
631,2017-02-23,2363.81
632,2017-02-24,2367.34
633,2017-02-27,2369.75
634,2017-02-28,2363.64
635,2017-03-01,2395.96
636,2017-03-02,2381.92
637,2017-03-03,2383.12
638,2017-03-06,2375.31
639,2017-03-07,2368.39
640,2017-03-08,2362.98
641,2017-03-09,2364.87
642,2017-03-10,2372.6
643,2017-03-13,2373.47
644,2017-03-14,2365.45
645,2017-03-15,2385.26
646,2017-03-16,2381.38
647,2017-03-17,2378.25
648,2017-03-20,2373.47
649,2017-03-21,2344.02
650,2017-03-22,2348.45
651,2017-03-23,2345.96
652,2017-03-24,2343.98
653,2017-03-27,2341.59
654,2017-03-28,2358.57
655,2017-03-29,2361.13
656,2017-03-30,2368.06
657,2017-03-31,2362.72
658,2017-04-03,2358.84
659,2017-04-04,2360.16
660,2017-04-05,2352.95
661,2017-04-06,2357.49
662,2017-04-07,2355.54
663,2017-04-10,2357.16
664,2017-04-11,2353.78
665,2017-04-12,2344.93
666,2017-04-13,2328.95
667,2017-04-17,2349.01
668,2017-04-18,2342.19
669,2017-04-19,2338.17
670,2017-04-20,2355.84
671,2017-04-21,2348.69
672,2017-04-24,2374.15
673,2017-04-25,2388.61
674,2017-04-26,2387.45
675,2017-04-27,2388.77
676,2017-04-28,2384.2
677,2017-05-01,2388.33
678,2017-05-02,2391.17
679,2017-05-03,2388.13
680,2017-05-04,2389.52
681,2017-05-05,2399.29
682,2017-05-08,2399.38
683,2017-05-09,2396.92
684,2017-05-10,2399.63
685,2017-05-11,2394.44
686,2017-05-12,2390.9
687,2017-05-15,2402.32
688,2017-05-16,2400.67
689,2017-05-17,2357.03
690,2017-05-18,2365.72
691,2017-05-19,2381.73
692,2017-05-22,2394.02
693,2017-05-23,2398.42
694,2017-05-24,2404.39
695,2017-05-25,2415.07
696,2017-05-26,2415.82
697,2017-05-30,2412.91
698,2017-05-31,2411.8
699,2017-06-01,2430.06
700,2017-06-02,2439.07
701,2017-06-05,2436.1
702,2017-06-06,2429.33
703,2017-06-07,2433.14
704,2017-06-08,2433.79
705,2017-06-09,2431.77
706,2017-06-12,2429.39
707,2017-06-13,2440.35
708,2017-06-14,2437.92
709,2017-06-15,2432.46
710,2017-06-16,2433.15
711,2017-06-19,2453.46
712,2017-06-20,2437.03
713,2017-06-21,2435.61
714,2017-06-22,2434.5
715,2017-06-23,2438.3
716,2017-06-26,2439.07
717,2017-06-27,2419.38
718,2017-06-28,2440.69
719,2017-06-29,2419.7
720,2017-06-30,2423.41
721,2017-07-03,2429.01
722,2017-07-05,2432.54
723,2017-07-06,2409.75
724,2017-07-07,2425.18
725,2017-07-10,2427.43
726,2017-07-11,2425.53
727,2017-07-12,2443.25
728,2017-07-13,2447.83
729,2017-07-14,2459.27
730,2017-07-17,2459.14
731,2017-07-18,2460.61
732,2017-07-19,2473.83
733,2017-07-20,2473.45
734,2017-07-21,2472.54
735,2017-07-24,2469.91
736,2017-07-25,2477.13
737,2017-07-26,2477.83
738,2017-07-27,2475.42
739,2017-07-28,2472.1
740,2017-07-31,2470.3
741,2017-08-01,2476.35
742,2017-08-02,2477.57
743,2017-08-03,2472.16
744,2017-08-04,2476.83
745,2017-08-07,2480.91
746,2017-08-08,2474.92
747,2017-08-09,2474.02
748,2017-08-10,2438.21
749,2017-08-11,2441.32
750,2017-08-14,2465.84
751,2017-08-15,2464.61
752,2017-08-16,2468.11
753,2017-08-17,2430.01
754,2017-08-18,2425.55
755,2017-08-21,2428.37
756,2017-08-22,2452.51
757,2017-08-23,2444.04
758,2017-08-24,2438.97
759,2017-08-25,2443.05
760,2017-08-28,2444.24
761,2017-08-29,2446.3
762,2017-08-30,2457.59
763,2017-08-31,2471.65
764,2017-09-01,2476.55
765,2017-09-05,2457.85
766,2017-09-06,2465.54
767,2017-09-07,2465.1
768,2017-09-08,2461.43
769,2017-09-11,2488.11
770,2017-09-12,2496.48
771,2017-09-13,2498.37
772,2017-09-14,2495.62
773,2017-09-15,2500.23
774,2017-09-18,2503.87
775,2017-09-19,2506.65
776,2017-09-20,2508.24
777,2017-09-21,2500.6
778,2017-09-22,2502.22
779,2017-09-25,2496.66
780,2017-09-26,2496.84
781,2017-09-27,2507.04
782,2017-09-28,2510.06
783,2017-09-29,2519.36
784,2017-10-02,2529.12
785,2017-10-03,2534.58
786,2017-10-04,2537.74
787,2017-10-05,2552.07
788,2017-10-06,2549.33
789,2017-10-09,2544.73
790,2017-10-10,2550.64
791,2017-10-11,2555.24
792,2017-10-12,2550.93
793,2017-10-13,2553.17
794,2017-10-16,2557.64
795,2017-10-17,2559.36
796,2017-10-18,2561.26
797,2017-10-19,2562.1
798,2017-10-20,2575.21
799,2017-10-23,2564.98
800,2017-10-24,2569.13
801,2017-10-25,2557.15
802,2017-10-26,2560.4
803,2017-10-27,2581.07
804,2017-10-30,2572.83
805,2017-10-31,2575.26
806,2017-11-01,2579.36
807,2017-11-02,2579.85
808,2017-11-03,2587.84
809,2017-11-06,2591.13
810,2017-11-07,2590.64
811,2017-11-08,2594.38
812,2017-11-09,2584.62
813,2017-11-10,2582.3
814,2017-11-13,2584.84
815,2017-11-14,2578.87
816,2017-11-15,2564.62
817,2017-11-16,2585.64
818,2017-11-17,2578.85
819,2017-11-20,2582.14
820,2017-11-21,2599.03
821,2017-11-22,2597.08
822,2017-11-24,2602.42
823,2017-11-27,2601.42
824,2017-11-28,2627.04
825,2017-11-29,2626.07
826,2017-11-30,2647.58
827,2017-12-01,2642.22
828,2017-12-04,2639.44
829,2017-12-05,2629.57
830,2017-12-06,2629.27
831,2017-12-07,2636.98
832,2017-12-08,2651.5
833,2017-12-11,2659.99
834,2017-12-12,2664.11
835,2017-12-13,2662.85
836,2017-12-14,2652.01
837,2017-12-15,2675.81
838,2017-12-18,2690.16
839,2017-12-19,2681.47
840,2017-12-20,2679.25
841,2017-12-21,2684.57
842,2017-12-22,2683.34
843,2017-12-26,2680.5
844,2017-12-27,2682.62
845,2017-12-28,2687.54
846,2017-12-29,2673.61
847,2018-01-02,2695.81
848,2018-01-03,2713.06
849,2018-01-04,2723.99
850,2018-01-05,2743.15
851,2018-01-08,2747.71
852,2018-01-09,2751.29
853,2018-01-10,2748.23
854,2018-01-11,2767.56
855,2018-01-12,2786.24
856,2018-01-16,2776.42
857,2018-01-17,2802.56
858,2018-01-18,2798.03
859,2018-01-19,2810.3
860,2018-01-22,2832.97
861,2018-01-23,2839.13
862,2018-01-24,2837.54
863,2018-01-25,2839.25
864,2018-01-26,2872.87
865,2018-01-29,2853.53
866,2018-01-30,2822.43
867,2018-01-31,2823.81
868,2018-02-01,2821.98
869,2018-02-02,2762.13
870,2018-02-05,2648.94
871,2018-02-06,2695.14
872,2018-02-07,2681.66
873,2018-02-08,2581.0
874,2018-02-09,2619.55
875,2018-02-12,2656.0
876,2018-02-13,2662.94
877,2018-02-14,2698.63
878,2018-02-15,2731.2
879,2018-02-16,2732.22
880,2018-02-20,2716.26
881,2018-02-21,2701.33
882,2018-02-22,2703.96
883,2018-02-23,2747.3
884,2018-02-26,2779.6
885,2018-02-27,2744.28
886,2018-02-28,2713.83
887,2018-03-01,2677.67
888,2018-03-02,2691.25
889,2018-03-05,2720.94
890,2018-03-06,2728.12
891,2018-03-07,2726.8
892,2018-03-08,2738.97
893,2018-03-09,2786.57
894,2018-03-12,2783.02
895,2018-03-13,2765.31
896,2018-03-14,2749.48
897,2018-03-15,2747.33
898,2018-03-16,2752.01
899,2018-03-19,2712.92
900,2018-03-20,2716.94
901,2018-03-21,2711.93
902,2018-03-22,2643.69
903,2018-03-23,2588.26
904,2018-03-26,2658.55
905,2018-03-27,2612.62
906,2018-03-28,2605.0
907,2018-03-29,2640.87
908,2018-04-02,2581.88
909,2018-04-03,2614.45
910,2018-04-04,2644.69
911,2018-04-05,2662.84
912,2018-04-06,2604.47
913,2018-04-09,2613.16
914,2018-04-10,2656.87
915,2018-04-11,2642.19
916,2018-04-12,2663.99
917,2018-04-13,2656.3
918,2018-04-16,2677.84
919,2018-04-17,2706.39
920,2018-04-18,2708.64
921,2018-04-19,2693.13
922,2018-04-20,2670.14
923,2018-04-23,2670.29
924,2018-04-24,2634.56
925,2018-04-25,2639.4
926,2018-04-26,2666.94
927,2018-04-27,2669.91
928,2018-04-30,2648.05
929,2018-05-01,2654.8
930,2018-05-02,2635.67
931,2018-05-03,2629.73
932,2018-05-04,2663.42
933,2018-05-07,2672.63
934,2018-05-08,2671.92
935,2018-05-09,2697.79
936,2018-05-10,2723.07
937,2018-05-11,2727.72
938,2018-05-14,2730.13
939,2018-05-15,2711.45
940,2018-05-16,2722.46
941,2018-05-17,2720.13
942,2018-05-18,2712.97
943,2018-05-21,2733.01
944,2018-05-22,2724.44
945,2018-05-23,2733.29
946,2018-05-24,2727.76
947,2018-05-25,2721.33
948,2018-05-29,2689.86
949,2018-05-30,2724.01
950,2018-05-31,2705.27
951,2018-06-01,2734.62
952,2018-06-04,2746.87
953,2018-06-05,2748.8
954,2018-06-06,2772.35
955,2018-06-07,2770.37
956,2018-06-08,2779.03
957,2018-06-11,2782.0
958,2018-06-12,2786.85
959,2018-06-13,2775.63
960,2018-06-14,2782.49
961,2018-06-15,2779.66
962,2018-06-18,2773.75
963,2018-06-19,2762.59
964,2018-06-20,2767.32
965,2018-06-21,2749.76
966,2018-06-22,2754.88
967,2018-06-25,2717.07
968,2018-06-26,2723.06
969,2018-06-27,2699.63
970,2018-06-28,2716.31
971,2018-06-29,2718.37
972,2018-07-02,2726.71
973,2018-07-03,2713.22
974,2018-07-05,2736.61
975,2018-07-06,2759.82
976,2018-07-09,2784.17
977,2018-07-10,2793.84
978,2018-07-11,2774.02
979,2018-07-12,2798.29
980,2018-07-13,2801.31
981,2018-07-16,2798.43
982,2018-07-17,2809.55
983,2018-07-18,2815.62
984,2018-07-19,2804.49
985,2018-07-20,2801.83
986,2018-07-23,2806.98
987,2018-07-24,2820.4
988,2018-07-25,2846.07
989,2018-07-26,2837.44
990,2018-07-27,2818.82
991,2018-07-30,2802.6
992,2018-07-31,2816.29
993,2018-08-01,2813.36
994,2018-08-02,2827.22
995,2018-08-03,2840.35
996,2018-08-06,2850.4
997,2018-08-07,2858.45
998,2018-08-08,2857.7
999,2018-08-09,2853.58
1000,2018-08-10,2833.28
1001,2018-08-13,2821.93
1002,2018-08-14,2839.96
1003,2018-08-15,2818.37
1004,2018-08-16,2840.69
1005,2018-08-17,2850.13
1006,2018-08-20,2857.05
1007,2018-08-21,2862.96
1008,2018-08-22,2861.82
1009,2018-08-23,2856.98
1010,2018-08-24,2874.69
1011,2018-08-27,2896.74
1012,2018-08-28,2897.52
1013,2018-08-29,2914.04
1014,2018-08-30,2901.13
1015,2018-08-31,2901.52
1016,2018-09-04,2896.72
1017,2018-09-05,2888.6
1018,2018-09-06,2878.05
1019,2018-09-07,2871.68
1020,2018-09-10,2877.13
1021,2018-09-11,2887.89
1022,2018-09-12,2888.92
1023,2018-09-13,2904.18
1024,2018-09-14,2904.98
1025,2018-09-17,2888.8
1026,2018-09-18,2904.31
1027,2018-09-19,2907.95
1028,2018-09-20,2930.75
1029,2018-09-21,2929.67
1030,2018-09-24,2919.37
1031,2018-09-25,2915.56
1032,2018-09-26,2905.97
1033,2018-09-27,2914.0
1034,2018-09-28,2913.98
1035,2018-10-01,2924.59
1036,2018-10-02,2923.43
1037,2018-10-03,2925.51
1038,2018-10-04,2901.61
1039,2018-10-05,2885.57
1040,2018-10-08,2884.43
1041,2018-10-09,2880.34
1042,2018-10-10,2785.68
1043,2018-10-11,2728.37
1044,2018-10-12,2767.13
1045,2018-10-15,2750.79
1046,2018-10-16,2809.92
1047,2018-10-17,2809.21
1048,2018-10-18,2768.78
1049,2018-10-19,2767.78
1050,2018-10-22,2755.88
1051,2018-10-23,2740.69
1052,2018-10-24,2656.1
1053,2018-10-25,2705.57
1054,2018-10-26,2658.69
1055,2018-10-29,2641.25
1056,2018-10-30,2682.63
1057,2018-10-31,2711.74
1058,2018-11-01,2740.37
1059,2018-11-02,2723.06
1060,2018-11-05,2738.31
1061,2018-11-06,2755.45
1062,2018-11-07,2813.89
1063,2018-11-08,2806.83
1064,2018-11-09,2781.01
1065,2018-11-12,2726.22
1066,2018-11-13,2722.18
1067,2018-11-14,2701.58
1068,2018-11-15,2730.2
1069,2018-11-16,2736.27
1070,2018-11-19,2690.73
1071,2018-11-20,2641.89
1072,2018-11-21,2649.93
1073,2018-11-23,2632.56
1074,2018-11-26,2673.45
1075,2018-11-27,2682.17
1076,2018-11-28,2743.79
1077,2018-11-29,2737.76
1078,2018-11-30,2760.17
1079,2018-12-03,2790.37
1080,2018-12-04,2700.06
1081,2018-12-06,2695.95
1082,2018-12-07,2633.08
1083,2018-12-10,2637.72
1084,2018-12-11,2636.78
1085,2018-12-12,2651.07
1086,2018-12-13,2650.54
1087,2018-12-14,2599.95
1088,2018-12-17,2545.94
1089,2018-12-18,2546.16
1090,2018-12-19,2506.96
1091,2018-12-20,2467.42
1092,2018-12-21,2416.62
1093,2018-12-24,2351.1
1094,2018-12-26,2467.7
1095,2018-12-27,2488.83
1096,2018-12-28,2485.74
1097,2018-12-31,2506.85
1098,2019-01-02,2510.03
1099,2019-01-03,2447.89
1100,2019-01-04,2531.94
1101,2019-01-07,2549.69
1102,2019-01-08,2574.41
1103,2019-01-09,2584.96
1104,2019-01-10,2596.64
1105,2019-01-11,2596.26
1106,2019-01-14,2582.61
1107,2019-01-15,2610.3
1108,2019-01-16,2616.1
1109,2019-01-17,2635.96
1110,2019-01-18,2670.71
1111,2019-01-22,2632.9
1112,2019-01-23,2638.7
1113,2019-01-24,2642.33
1114,2019-01-25,2664.76
1115,2019-01-28,2643.85
1116,2019-01-29,2640.0
1117,2019-01-30,2681.05
1118,2019-01-31,2704.1
1119,2019-02-01,2706.53
1120,2019-02-04,2724.87
1121,2019-02-05,2737.7
1122,2019-02-06,2731.61
1123,2019-02-07,2706.05
1124,2019-02-08,2707.88
1125,2019-02-11,2709.8
1126,2019-02-12,2744.73
1127,2019-02-13,2753.03
1128,2019-02-14,2745.73
1129,2019-02-15,2775.6
1130,2019-02-19,2779.76
1131,2019-02-20,2784.7
1132,2019-02-21,2774.88
1133,2019-02-22,2792.67
1134,2019-02-25,2796.11
1135,2019-02-26,2793.9
1136,2019-02-27,2792.38
1137,2019-02-28,2784.49
1138,2019-03-01,2803.69
1139,2019-03-04,2792.81
1140,2019-03-05,2789.65
1141,2019-03-06,2771.45
1142,2019-03-07,2748.93
1143,2019-03-08,2743.07
1144,2019-03-11,2783.3
1145,2019-03-12,2791.52
1146,2019-03-13,2810.92
1147,2019-03-14,2808.48
1148,2019-03-15,2822.48
1149,2019-03-18,2832.94
1150,2019-03-19,2832.57
1151,2019-03-20,2824.23
1152,2019-03-21,2854.88
1153,2019-03-22,2800.71
1154,2019-03-25,2798.36
1155,2019-03-26,2818.46
1156,2019-03-27,2805.37
1157,2019-03-28,2815.44
1158,2019-03-29,2834.4
1159,2019-04-01,2867.19
1160,2019-04-02,2867.24
1161,2019-04-03,2873.4
1162,2019-04-04,2879.39
1163,2019-04-05,2892.74
1164,2019-04-08,2895.77
1165,2019-04-09,2878.2
1166,2019-04-10,2888.21
1167,2019-04-11,2888.32
1168,2019-04-12,2907.41
1169,2019-04-15,2905.58
1170,2019-04-16,2907.06
1171,2019-04-17,2900.45
1172,2019-04-18,2905.03
1173,2019-04-22,2907.97
1174,2019-04-23,2933.68
1175,2019-04-24,2927.25
1176,2019-04-25,2926.17
1177,2019-04-26,2939.88
1178,2019-04-29,2943.03
1179,2019-04-30,2945.83
1180,2019-05-01,2923.73
1181,2019-05-02,2917.52
1182,2019-05-03,2945.64
1183,2019-05-06,2932.47
1184,2019-05-07,2884.05
1185,2019-05-08,2879.42
1186,2019-05-09,2870.72
1187,2019-05-10,2881.4
1188,2019-05-13,2811.87
1189,2019-05-14,2834.41
1190,2019-05-15,2850.96
1191,2019-05-16,2876.32
1192,2019-05-17,2859.53
1193,2019-05-20,2840.23
1194,2019-05-21,2864.36
1195,2019-05-22,2856.27
1196,2019-05-23,2822.24
1197,2019-05-24,2826.06
1198,2019-05-28,2802.39
1199,2019-05-29,2783.02
1200,2019-05-30,2788.86
1201,2019-05-31,2752.06
1202,2019-06-03,2744.45
1203,2019-06-04,2803.27
1204,2019-06-05,2826.15
1205,2019-06-06,2843.49
1206,2019-06-07,2873.34
1207,2019-06-10,2886.73
1208,2019-06-11,2885.72
1209,2019-06-12,2879.84
1210,2019-06-13,2891.64
1211,2019-06-14,2886.98
1212,2019-06-17,2889.67
1213,2019-06-18,2917.75
1214,2019-06-19,2926.46
1215,2019-06-20,2954.18
1216,2019-06-21,2950.46
1217,2019-06-24,2945.35
1218,2019-06-25,2917.38
1219,2019-06-26,2913.78
1220,2019-06-27,2924.92
1221,2019-06-28,2941.76
1222,2019-07-01,2964.33
1223,2019-07-02,2973.01
1224,2019-07-03,2995.82
1225,2019-07-05,2990.41
1226,2019-07-08,2975.95
1227,2019-07-09,2979.63
1228,2019-07-10,2993.07
1229,2019-07-11,2999.91
1230,2019-07-12,3013.77
1231,2019-07-15,3014.3
1232,2019-07-16,3004.04
1233,2019-07-17,2984.42
1234,2019-07-18,2995.11
1235,2019-07-19,2976.61
1236,2019-07-22,2985.03
1237,2019-07-23,3005.47
1238,2019-07-24,3019.56
1239,2019-07-25,3003.67
1240,2019-07-26,3025.86
1241,2019-07-29,3020.97
1242,2019-07-30,3013.18
1243,2019-07-31,2980.38
1244,2019-08-01,2953.56
1245,2019-08-02,2932.05
1246,2019-08-05,2844.74
1247,2019-08-06,2881.77
1248,2019-08-07,2883.98
1249,2019-08-08,2938.09
1250,2019-08-09,2918.65
1251,2019-08-12,2883.75
1252,2019-08-13,2926.32
1253,2019-08-14,2840.6
1254,2019-08-15,2847.6
1255,2019-08-16,2888.68
1256,2019-08-19,2923.65
1257,2019-08-20,2900.51
1258,2019-08-21,2924.43
1259,2019-08-22,2922.95
1260,2019-08-23,2847.11
1261,2019-08-26,2878.38
1262,2019-08-27,2869.16
1263,2019-08-28,2887.94
1264,2019-08-29,2924.58
1265,2019-08-30,2926.46
1266,2019-09-03,2906.27
1267,2019-09-04,2937.78
1268,2019-09-05,2976.0
1269,2019-09-06,2978.71
1270,2019-09-09,2978.43
1271,2019-09-10,2979.39
1272,2019-09-11,3000.93
1273,2019-09-12,3009.57
1274,2019-09-13,3007.39
1275,2019-09-16,2997.96
1276,2019-09-17,3005.7
1277,2019-09-18,3006.73
1278,2019-09-19,3006.79
1279,2019-09-20,2992.07
1280,2019-09-23,2991.78
1281,2019-09-24,2966.6
1282,2019-09-25,2984.87
1283,2019-09-26,2977.62
1284,2019-09-27,2961.79
1285,2019-09-30,2976.74
1286,2019-10-01,2940.25
1287,2019-10-02,2887.61
1288,2019-10-03,2910.63
1289,2019-10-04,2952.01
1290,2019-10-07,2938.79
1291,2019-10-08,2893.06
1292,2019-10-09,2919.4
1293,2019-10-10,2938.13
1294,2019-10-11,2970.27
1295,2019-10-14,2966.15
1296,2019-10-15,2995.68
1297,2019-10-16,2989.69
1298,2019-10-17,2997.95
1299,2019-10-18,2986.2
1300,2019-10-21,3006.72
1301,2019-10-22,2995.99
1302,2019-10-23,3004.52
1303,2019-10-24,3010.29
1304,2019-10-25,3022.55
1305,2019-10-28,3039.42
1306,2019-10-29,3036.89
1307,2019-10-30,3046.77
1308,2019-10-31,3037.56
1309,2019-11-01,3066.91
1310,2019-11-04,3078.27
1311,2019-11-05,3074.62
1312,2019-11-06,3076.78
1313,2019-11-07,3085.18
1314,2019-11-08,3093.08
1315,2019-11-11,3087.01
1316,2019-11-12,3091.84
1317,2019-11-13,3094.04
1318,2019-11-14,3096.63
1319,2019-11-15,3120.46
1320,2019-11-18,3122.03
1321,2019-11-19,3120.18
1322,2019-11-20,3108.46
1323,2019-11-21,3103.54
1324,2019-11-22,3110.29
1325,2019-11-25,3133.64
1326,2019-11-26,3140.52
1327,2019-11-27,3153.63
1328,2019-11-29,3140.98
1329,2019-12-02,3113.87
1330,2019-12-03,3093.2
1331,2019-12-04,3112.76
1332,2019-12-05,3117.43
1333,2019-12-06,3145.91
1334,2019-12-09,3135.96
1335,2019-12-10,3132.52
1336,2019-12-11,3141.63
1337,2019-12-12,3168.57
1338,2019-12-13,3168.8
1339,2019-12-16,3191.45
1340,2019-12-17,3192.52
1341,2019-12-18,3191.14
1342,2019-12-19,3205.37
1343,2019-12-20,3221.22
1344,2019-12-23,3224.01
1345,2019-12-24,3223.38
1346,2019-12-26,3239.91
1347,2019-12-27,3240.02
1348,2019-12-30,3221.29
1349,2019-12-31,3230.78
1350,2020-01-02,3257.85
1351,2020-01-03,3234.85
1352,2020-01-06,3246.28
1353,2020-01-07,3237.18
1354,2020-01-08,3253.05
1355,2020-01-09,3274.7
1356,2020-01-10,3265.35
1357,2020-01-13,3288.13
1358,2020-01-14,3283.15
1359,2020-01-15,3289.29
1360,2020-01-16,3316.81
1361,2020-01-17,3329.62
1362,2020-01-21,3320.79
1363,2020-01-22,3321.75
1364,2020-01-23,3325.54
1365,2020-01-24,3295.47
1366,2020-01-27,3243.63
1367,2020-01-28,3276.24
1368,2020-01-29,3273.4
1369,2020-01-30,3283.66
1370,2020-01-31,3225.52
1371,2020-02-03,3248.92
1372,2020-02-04,3297.59
1373,2020-02-05,3334.69
1374,2020-02-06,3345.78
1375,2020-02-07,3327.71
1376,2020-02-10,3352.09
1377,2020-02-11,3357.75
1378,2020-02-12,3379.45
1379,2020-02-13,3373.94
1380,2020-02-14,3380.16
1381,2020-02-18,3370.29
1382,2020-02-19,3386.15
1383,2020-02-20,3373.23
1384,2020-02-21,3337.75
1385,2020-02-24,3225.89
1386,2020-02-25,3128.21
1387,2020-02-26,3116.39
1388,2020-02-27,2978.76
1389,2020-02-28,2954.22
1390,2020-03-02,3090.23
1391,2020-03-03,3003.37
1392,2020-03-04,3130.12
1393,2020-03-05,3023.94
1394,2020-03-06,2972.37
1395,2020-03-09,2746.56
1396,2020-03-10,2882.23
1397,2020-03-11,2741.38
1398,2020-03-12,2480.64
1399,2020-03-13,2711.02
1400,2020-03-16,2386.13
1401,2020-03-17,2529.19
1402,2020-03-18,2398.1
1403,2020-03-19,2409.39
1404,2020-03-20,2304.92
1405,2020-03-23,2237.4
1406,2020-03-24,2447.33
1407,2020-03-25,2475.56
1408,2020-03-26,2630.07
1409,2020-03-27,2541.47
1410,2020-03-30,2626.65
1411,2020-03-31,2584.59
1412,2020-04-01,2470.5
1413,2020-04-02,2526.9
1414,2020-04-03,2488.65
1415,2020-04-06,2663.68
1416,2020-04-07,2659.41
1417,2020-04-08,2749.98
1418,2020-04-09,2789.82
1419,2020-04-13,2761.63
1420,2020-04-14,2846.06
1421,2020-04-15,2783.36
1422,2020-04-16,2799.55
1423,2020-04-17,2874.56
1424,2020-04-20,2823.16
1425,2020-04-21,2736.56
1426,2020-04-22,2799.31
1427,2020-04-23,2797.8
1428,2020-04-24,2836.74
1429,2020-04-27,2878.48
1430,2020-04-28,2863.39
1431,2020-04-29,2939.51
1432,2020-04-30,2912.43
1433,2020-05-01,2830.71
1434,2020-05-04,2842.74
1435,2020-05-05,2868.44
1436,2020-05-06,2848.42
1437,2020-05-07,2881.19
1438,2020-05-08,2929.8
1439,2020-05-11,2930.32
1440,2020-05-12,2870.12
1441,2020-05-13,2820.0
1442,2020-05-14,2852.5
1443,2020-05-15,2863.7
1444,2020-05-18,2953.91
1445,2020-05-19,2922.94
1446,2020-05-20,2971.61
1447,2020-05-21,2948.51
1448,2020-05-22,2955.45
1449,2020-05-26,2991.77
1450,2020-05-27,3036.13
1451,2020-05-28,3029.73
1452,2020-05-29,3044.31
1453,2020-06-01,3055.73
1454,2020-06-02,3080.82
1455,2020-06-03,3122.87
1456,2020-06-04,3112.35
1457,2020-06-05,3193.93
1458,2020-06-08,3232.39
1459,2020-06-09,3207.18
1460,2020-06-10,3190.14
1461,2020-06-11,3002.1
1462,2020-06-12,3041.31
1463,2020-06-15,3066.59
1464,2020-06-16,3124.74
1465,2020-06-17,3113.49
1466,2020-06-18,3115.34
1467,2020-06-19,3097.74
1468,2020-06-22,3117.86
1469,2020-06-23,3131.29
1470,2020-06-24,3050.33
1471,2020-06-25,3083.76
1472,2020-06-26,3009.05
1473,2020-06-29,3053.24
1474,2020-06-30,3100.29
1475,2020-07-01,3115.86
1476,2020-07-02,3130.01
1477,2020-07-06,3179.72
1478,2020-07-07,3145.32
1479,2020-07-08,3169.94
1480,2020-07-09,3152.05
1481,2020-07-10,3185.04
1482,2020-07-13,3155.22
1483,2020-07-14,3197.52
1484,2020-07-15,3226.56
1485,2020-07-16,3215.57
1486,2020-07-17,3224.73
1487,2020-07-20,3251.84
1488,2020-07-21,3257.3
1489,2020-07-22,3276.02
1490,2020-07-23,3235.66
1491,2020-07-24,3215.63
1492,2020-07-27,3239.41
1493,2020-07-28,3218.44
1494,2020-07-29,3258.44
1495,2020-07-30,3246.22
1496,2020-07-31,3271.12
1497,2020-08-03,3294.61
1498,2020-08-04,3306.51
1499,2020-08-05,3327.77
1500,2020-08-06,3349.16
1501,2020-08-07,3351.28
1502,2020-08-10,3360.47
1503,2020-08-11,3333.69
1504,2020-08-12,3380.35
1505,2020-08-13,3373.43
1506,2020-08-14,3372.85
1507,2020-08-17,3381.99
1508,2020-08-18,3389.78
1509,2020-08-19,3374.85
1510,2020-08-20,3385.51
1511,2020-08-21,3397.16
1512,2020-08-24,3431.28
1513,2020-08-25,3443.62
1514,2020-08-26,3478.73
1515,2020-08-27,3484.55
1516,2020-08-28,3508.01
1517,2020-08-31,3500.31
1518,2020-09-01,3526.65
1519,2020-09-02,3580.84
1520,2020-09-03,3455.06
1521,2020-09-04,3426.96
1522,2020-09-08,3331.84
1523,2020-09-09,3398.96
1524,2020-09-10,3339.19
1525,2020-09-11,3340.97
1526,2020-09-14,3383.54
1527,2020-09-15,3401.2
1528,2020-09-16,3385.49
1529,2020-09-17,3357.01
1530,2020-09-18,3319.47
1531,2020-09-21,3281.06
1532,2020-09-22,3315.57
1533,2020-09-23,3236.92
1534,2020-09-24,3246.59
1535,2020-09-25,3298.46
1536,2020-09-28,3351.6
1537,2020-09-29,3335.47
1538,2020-09-30,3363.0
1539,2020-10-01,3380.8
1540,2020-10-02,3348.44
1541,2020-10-05,3408.63
1542,2020-10-06,3360.95
1543,2020-10-07,3419.45
1544,2020-10-08,3446.83
1545,2020-10-09,3477.13
1546,2020-10-12,3534.22
1547,2020-10-13,3511.93
1548,2020-10-14,3488.67
1549,2020-10-15,3483.34
1550,2020-10-16,3483.81
1551,2020-10-19,3426.92
1552,2020-10-20,3443.12
1553,2020-10-21,3435.56
1554,2020-10-22,3453.49
1555,2020-10-23,3465.39
1556,2020-10-26,3400.97
1557,2020-10-27,3390.68
1558,2020-10-28,3271.03
1559,2020-10-29,3310.11
1560,2020-10-30,3269.96
1561,2020-11-02,3310.24
1562,2020-11-03,3369.16
1563,2020-11-04,3443.44
1564,2020-11-05,3510.45
1565,2020-11-06,3509.44
1566,2020-11-09,3550.5
1567,2020-11-10,3545.53
1568,2020-11-11,3572.66
1569,2020-11-12,3537.01
1570,2020-11-13,3585.15
1571,2020-11-16,3626.91
1572,2020-11-17,3609.53
1573,2020-11-18,3567.79
1574,2020-11-19,3581.87
1575,2020-11-20,3557.54
1576,2020-11-23,3577.59
1577,2020-11-24,3635.41
1578,2020-11-25,3629.65
1579,2020-11-27,3638.35
1580,2020-11-30,3621.63
1581,2020-12-01,3662.45
1582,2020-12-02,3669.01
1583,2020-12-03,3666.72
1584,2020-12-04,3699.12
1585,2020-12-07,3691.96
1586,2020-12-08,3702.25
1587,2020-12-09,3672.82
1588,2020-12-10,3668.1
1589,2020-12-11,3663.46
1590,2020-12-14,3647.49
1591,2020-12-15,3694.62
1592,2020-12-16,3701.17
1593,2020-12-17,3722.48
1594,2020-12-18,3709.41
1595,2020-12-21,3694.92
1596,2020-12-22,3687.26
1597,2020-12-23,3690.01
1598,2020-12-24,3703.06
1599,2020-12-28,3735.36
1600,2020-12-29,3727.04
1601,2020-12-30,3732.04
1602,2020-12-31,3756.07
1603,2021-01-04,3700.65
1604,2021-01-05,3726.86
1605,2021-01-06,3748.14
1606,2021-01-07,3803.79
1607,2021-01-08,3824.68
1608,2021-01-11,3799.61
1609,2021-01-12,3801.19
1610,2021-01-13,3809.84
1611,2021-01-14,3795.54
1612,2021-01-15,3768.25
1613,2021-01-19,3798.91
1614,2021-01-20,3851.85
1615,2021-01-21,3853.07
1616,2021-01-22,3841.47
1617,2021-01-25,3855.36
1618,2021-01-26,3849.62
1619,2021-01-27,3750.77
1620,2021-01-28,3787.38
1621,2021-01-29,3714.24
1622,2021-02-01,3773.86
1623,2021-02-02,3826.31
1624,2021-02-03,3830.17
1625,2021-02-04,3871.74
1626,2021-02-05,3886.83
1627,2021-02-08,3915.59
1628,2021-02-09,3911.23
1629,2021-02-10,3909.88
1630,2021-02-11,3916.38
1631,2021-02-12,3934.83
1632,2021-02-16,3932.59
1633,2021-02-17,3931.33
1634,2021-02-18,3913.97
1635,2021-02-19,3906.71
1636,2021-02-22,3876.5
1637,2021-02-23,3881.37
1638,2021-02-24,3925.43
1639,2021-02-25,3829.34
1640,2021-02-26,3811.15
1641,2021-03-01,3901.82
1642,2021-03-02,3870.29
1643,2021-03-03,3819.72
1644,2021-03-04,3768.47
1645,2021-03-05,3841.94
1646,2021-03-08,3821.35
1647,2021-03-09,3875.44
1648,2021-03-10,3898.81
1649,2021-03-11,3939.34
1650,2021-03-12,3943.34
1651,2021-03-15,3968.94
1652,2021-03-16,3962.71
1653,2021-03-17,3974.12
1654,2021-03-18,3915.46
1655,2021-03-19,3913.1
1656,2021-03-22,3940.59
1657,2021-03-23,3910.52
1658,2021-03-24,3889.14
1659,2021-03-25,3909.52
1660,2021-03-26,3974.54
1661,2021-03-29,3971.09
1662,2021-03-30,3958.55
1663,2021-03-31,3972.89
1664,2021-04-01,4019.87
1665,2021-04-05,4077.91
1666,2021-04-06,4073.94
1667,2021-04-07,4079.95
1668,2021-04-08,4097.17
1669,2021-04-09,4128.8
1670,2021-04-12,4127.99
1671,2021-04-13,4141.59
1672,2021-04-14,4124.66
1673,2021-04-15,4170.42
1674,2021-04-16,4185.47
1675,2021-04-19,4163.26
1676,2021-04-20,4134.94
1677,2021-04-21,4173.42
1678,2021-04-22,4134.98
1679,2021-04-23,4180.17
1680,2021-04-26,4187.62
1681,2021-04-27,4186.72
1682,2021-04-28,4183.18
1683,2021-04-29,4211.47
1684,2021-04-30,4181.17
1685,2021-05-03,4192.66
1686,2021-05-04,4164.66
1687,2021-05-05,4167.59
1688,2021-05-06,4201.62
1689,2021-05-07,4232.6
1690,2021-05-10,4188.43
1691,2021-05-11,4152.1
1692,2021-05-12,4063.04
1693,2021-05-13,4112.5
1694,2021-05-14,4173.85
1695,2021-05-17,4163.29
1696,2021-05-18,4127.83
1697,2021-05-19,4115.68
1698,2021-05-20,4159.12
1699,2021-05-21,4155.86
1700,2021-05-24,4197.05
1701,2021-05-25,4188.13
1702,2021-05-26,4195.99
1703,2021-05-27,4200.88
1704,2021-05-28,4204.11
1705,2021-06-01,4202.04
1706,2021-06-02,4208.12
1707,2021-06-03,4192.85
1708,2021-06-04,4229.89
1709,2021-06-07,4226.52
1710,2021-06-08,4227.26
1711,2021-06-09,4219.55
1712,2021-06-10,4239.18
1713,2021-06-11,4247.44
1714,2021-06-14,4255.15
1715,2021-06-15,4246.59
1716,2021-06-16,4223.7
1717,2021-06-17,4221.86
1718,2021-06-18,4166.45
1719,2021-06-21,4224.79
1720,2021-06-22,4246.44
1721,2021-06-23,4241.84
1722,2021-06-24,4266.49
1723,2021-06-25,4280.7
1724,2021-06-28,4290.61
1725,2021-06-29,4291.8
1726,2021-06-30,4297.5
1727,2021-07-01,4319.94
1728,2021-07-02,4352.34
1729,2021-07-06,4343.54
1730,2021-07-07,4358.13
1731,2021-07-08,4320.82
1732,2021-07-09,4369.55
1733,2021-07-12,4384.63
1734,2021-07-13,4369.21
1735,2021-07-14,4374.3
1736,2021-07-15,4360.03
1737,2021-07-16,4327.16
1738,2021-07-19,4258.49
1739,2021-07-20,4323.06
1740,2021-07-21,4358.69
1741,2021-07-22,4367.48
1742,2021-07-23,4411.79
1743,2021-07-26,4422.3
1744,2021-07-27,4401.46
1745,2021-07-28,4400.64
1746,2021-07-29,4419.15
1747,2021-07-30,4395.26
1748,2021-08-02,4387.16
1749,2021-08-03,4423.15
1750,2021-08-04,4402.66
1751,2021-08-05,4429.1
1752,2021-08-06,4436.52
1753,2021-08-09,4432.35
1754,2021-08-10,4436.75
1755,2021-08-11,4447.7
1756,2021-08-12,4460.83
1757,2021-08-13,4468.0
1758,2021-08-16,4479.71
1759,2021-08-17,4448.08
1760,2021-08-18,4400.27
1761,2021-08-19,4405.8
1762,2021-08-20,4441.67
1763,2021-08-23,4479.53
1764,2021-08-24,4486.23
1765,2021-08-25,4496.19
1766,2021-08-26,4470.0
1767,2021-08-27,4509.37
1768,2021-08-30,4528.79
1769,2021-08-31,4522.68
1770,2021-09-01,4524.09
1771,2021-09-02,4536.95
1772,2021-09-03,4535.43
1773,2021-09-07,4520.03
1774,2021-09-08,4514.07
1775,2021-09-09,4493.28
1776,2021-09-10,4458.58
1777,2021-09-13,4468.73
1778,2021-09-14,4443.05
1779,2021-09-15,4480.7
1780,2021-09-16,4473.75
1781,2021-09-17,4432.99
1782,2021-09-20,4357.73
1783,2021-09-21,4354.19
1784,2021-09-22,4395.64
1785,2021-09-23,4448.98
1786,2021-09-24,4455.48
1787,2021-09-27,4443.11
1788,2021-09-28,4352.63
1789,2021-09-29,4359.46
1790,2021-09-30,4307.54
1791,2021-10-01,4357.04
1792,2021-10-04,4300.46
1793,2021-10-05,4345.72
1794,2021-10-06,4363.55
1795,2021-10-07,4399.76
1796,2021-10-08,4391.34
1797,2021-10-11,4361.19
1798,2021-10-12,4350.65
1799,2021-10-13,4363.8
1800,2021-10-14,4438.26
1801,2021-10-15,4471.37
1802,2021-10-18,4486.46
1803,2021-10-19,4519.63
1804,2021-10-20,4536.19
1805,2021-10-21,4549.78
1806,2021-10-22,4544.9
1807,2021-10-25,4566.48
1808,2021-10-26,4574.79
1809,2021-10-27,4551.68
1810,2021-10-28,4596.42
1811,2021-10-29,4605.38
1812,2021-11-01,4613.67
1813,2021-11-02,4630.65
1814,2021-11-03,4660.57
1815,2021-11-04,4680.06
1816,2021-11-05,4697.53
1817,2021-11-08,4701.7
1818,2021-11-09,4685.25
1819,2021-11-10,4646.71
1820,2021-11-11,4649.27
1821,2021-11-12,4682.85
1822,2021-11-15,4682.8
1823,2021-11-16,4700.9
1824,2021-11-17,4688.67
1825,2021-11-18,4704.54
1826,2021-11-19,4697.96
1827,2021-11-22,4682.94
1828,2021-11-23,4690.7
1829,2021-11-24,4701.46
1830,2021-11-26,4594.62
1831,2021-11-29,4655.27
1832,2021-11-30,4567.0
1833,2021-12-01,4513.04
1834,2021-12-02,4577.1
1835,2021-12-03,4538.43
1836,2021-12-06,4591.67
1837,2021-12-07,4686.75
1838,2021-12-08,4701.21
1839,2021-12-09,4667.45
1840,2021-12-10,4712.02
1841,2021-12-13,4668.97
1842,2021-12-14,4634.09
1843,2021-12-15,4709.85
1844,2021-12-16,4668.67
1845,2021-12-17,4620.64
1846,2021-12-20,4568.02
1847,2021-12-21,4649.23
1848,2021-12-22,4696.56
1849,2021-12-23,4725.79
1850,2021-12-27,4791.19
1851,2021-12-28,4786.35
1852,2021-12-29,4793.06
1853,2021-12-30,4778.73
1854,2021-12-31,4766.18
1855,2022-01-03,4796.56
1856,2022-01-04,4793.54
1857,2022-01-05,4700.58
1858,2022-01-06,4696.05
1859,2022-01-07,4677.03
1860,2022-01-10,4670.29
1861,2022-01-11,4713.07
1862,2022-01-12,4726.35
1863,2022-01-13,4659.03
1864,2022-01-14,4662.85
1865,2022-01-18,4577.11
1866,2022-01-19,4532.76
1867,2022-01-20,4482.73
1868,2022-01-21,4397.94
1869,2022-01-24,4410.13
1870,2022-01-25,4356.45
1871,2022-01-26,4349.93
1872,2022-01-27,4326.51
1873,2022-01-28,4431.85
1874,2022-01-31,4515.55
1875,2022-02-01,4546.54
1876,2022-02-02,4589.38
1877,2022-02-03,4477.44
1878,2022-02-04,4500.53
1879,2022-02-07,4483.87
1880,2022-02-08,4521.54
1881,2022-02-09,4587.18
1882,2022-02-10,4504.08
1883,2022-02-11,4418.64
1884,2022-02-14,4401.67
1885,2022-02-15,4471.07
1886,2022-02-16,4475.01
1887,2022-02-17,4380.26
1888,2022-02-18,4348.87
1889,2022-02-22,4304.76
1890,2022-02-23,4225.5
1891,2022-02-24,4288.7
1892,2022-02-25,4384.65
1893,2022-02-28,4373.94
1894,2022-03-01,4306.26
1895,2022-03-02,4386.54
1896,2022-03-03,4363.49
1897,2022-03-04,4328.87
1898,2022-03-07,4201.09
1899,2022-03-08,4170.7
1900,2022-03-09,4277.88
1901,2022-03-10,4259.52
1902,2022-03-11,4204.31
1903,2022-03-14,4173.11
1904,2022-03-15,4262.45
1905,2022-03-16,4357.86
1906,2022-03-17,4411.67
1907,2022-03-18,4463.12
1908,2022-03-21,4461.18
1909,2022-03-22,4511.61
1910,2022-03-23,4456.24
1911,2022-03-24,4520.16
1912,2022-03-25,4543.06
1913,2022-03-28,4575.52
1914,2022-03-29,4631.6
1915,2022-03-30,4602.45
1916,2022-03-31,4530.41
1917,2022-04-01,4545.86
1918,2022-04-04,4582.64
1919,2022-04-05,4525.12
1920,2022-04-06,4481.15
1921,2022-04-07,4500.21
1922,2022-04-08,4488.28
1923,2022-04-11,4412.53
1924,2022-04-12,4397.45
1925,2022-04-13,4446.59
1926,2022-04-14,4392.59
1927,2022-04-18,4391.69
1928,2022-04-19,4462.21
1929,2022-04-20,4459.45
1930,2022-04-21,4393.66
1931,2022-04-22,4271.78
1932,2022-04-25,4296.12
1933,2022-04-26,4175.2
1934,2022-04-27,4183.96
1935,2022-04-28,4287.5
1936,2022-04-29,4131.93
1937,2022-05-02,4155.38
1938,2022-05-03,4175.48
1939,2022-05-04,4300.17
1940,2022-05-05,4146.87
1941,2022-05-06,4123.34
1942,2022-05-09,3991.24
1943,2022-05-10,4001.05
1944,2022-05-11,3935.18
1945,2022-05-12,3930.08
1946,2022-05-13,4023.89
1947,2022-05-16,4008.01
1948,2022-05-17,4088.85
1949,2022-05-18,3923.68
1950,2022-05-19,3900.79
1951,2022-05-20,3901.36
1952,2022-05-23,3973.75
1953,2022-05-24,3941.48
1954,2022-05-25,3978.73
1955,2022-05-26,4057.84
1956,2022-05-27,4158.24
1957,2022-05-31,4132.15
1958,2022-06-01,4101.23
1959,2022-06-02,4176.82
1960,2022-06-03,4108.54
1961,2022-06-06,4121.43
1962,2022-06-07,4160.68
1963,2022-06-08,4115.77
1964,2022-06-09,4017.82
1965,2022-06-10,3900.86
1966,2022-06-13,3749.63
1967,2022-06-14,3735.48
1968,2022-06-15,3789.99
1969,2022-06-16,3666.77
1970,2022-06-17,3674.84
1971,2022-06-21,3764.79
1972,2022-06-22,3759.89
1973,2022-06-23,3795.73
1974,2022-06-24,3911.74
1975,2022-06-27,3900.11
1976,2022-06-28,3821.55
1977,2022-06-29,3818.83
1978,2022-06-30,3785.38
1979,2022-07-01,3825.33
1980,2022-07-05,3831.39
1981,2022-07-06,3845.08
1982,2022-07-07,3902.62
1983,2022-07-08,3899.38
1984,2022-07-11,3854.43
1985,2022-07-12,3818.8
1986,2022-07-13,3801.78
1987,2022-07-14,3790.38
1988,2022-07-15,3863.16
1989,2022-07-18,3830.85
1990,2022-07-19,3936.69
1991,2022-07-20,3959.9
1992,2022-07-21,3998.95
1993,2022-07-22,3961.63
1994,2022-07-25,3966.84
1995,2022-07-26,3921.05
1996,2022-07-27,4023.61
1997,2022-07-28,4072.43
1998,2022-07-29,4130.29
1999,2022-08-01,4118.63
2000,2022-08-02,4091.19
2001,2022-08-03,4155.17
2002,2022-08-04,4151.94
2003,2022-08-05,4145.19
2004,2022-08-08,4140.06
2005,2022-08-09,4122.47
2006,2022-08-10,4210.24
2007,2022-08-11,4207.27
2008,2022-08-12,4280.15
2009,2022-08-15,4297.14
2010,2022-08-16,4305.2
2011,2022-08-17,4274.04
2012,2022-08-18,4283.74
2013,2022-08-19,4228.48
2014,2022-08-22,4137.99
2015,2022-08-23,4128.73
2016,2022-08-24,4140.77
2017,2022-08-25,4199.12
2018,2022-08-26,4057.66
2019,2022-08-29,4030.61
2020,2022-08-30,3986.16
2021,2022-08-31,3955.0
2022,2022-09-01,3966.85
2023,2022-09-02,3924.26
2024,2022-09-06,3908.19
2025,2022-09-07,3979.87
2026,2022-09-08,4006.18
2027,2022-09-09,4067.36
2028,2022-09-12,4110.41
2029,2022-09-13,3932.69
2030,2022-09-14,3946.01
2031,2022-09-15,3901.35
2032,2022-09-16,3873.33
2033,2022-09-19,3899.89
2034,2022-09-20,3855.93
2035,2022-09-21,3789.93
2036,2022-09-22,3757.99
2037,2022-09-23,3693.23
2038,2022-09-26,3655.04
2039,2022-09-27,3647.29
2040,2022-09-28,3719.04
2041,2022-09-29,3640.47
2042,2022-09-30,3585.62
2043,2022-10-03,3678.43
2044,2022-10-04,3790.93
2045,2022-10-05,3783.28
2046,2022-10-06,3744.52
2047,2022-10-07,3639.66
2048,2022-10-10,3612.39
2049,2022-10-11,3588.84
2050,2022-10-12,3577.03
2051,2022-10-13,3669.91
2052,2022-10-14,3583.07
2053,2022-10-17,3677.95
2054,2022-10-18,3719.98
2055,2022-10-19,3695.16
2056,2022-10-20,3665.78
2057,2022-10-21,3752.75
2058,2022-10-24,3797.34
2059,2022-10-25,3859.11
2060,2022-10-26,3830.6
2061,2022-10-27,3807.3
2062,2022-10-28,3901.06
2063,2022-10-31,3871.98
2064,2022-11-01,3856.1
2065,2022-11-02,3759.69
2066,2022-11-03,3719.89
2067,2022-11-04,3770.55
2068,2022-11-07,3806.8
2069,2022-11-08,3828.11
2070,2022-11-09,3748.57
2071,2022-11-10,3956.37
2072,2022-11-11,3992.93
2073,2022-11-14,3957.25
2074,2022-11-15,3991.73
2075,2022-11-16,3958.79
2076,2022-11-17,3946.56
2077,2022-11-18,3965.34
2078,2022-11-21,3949.94
2079,2022-11-22,4003.58
2080,2022-11-23,4027.26
2081,2022-11-25,4026.12
2082,2022-11-28,3963.94
2083,2022-11-29,3957.63
2084,2022-11-30,4080.11
2085,2022-12-01,4076.57
2086,2022-12-02,4071.7
2087,2022-12-05,3998.84
2088,2022-12-06,3941.26
2089,2022-12-07,3933.92
2090,2022-12-08,3963.51
2091,2022-12-09,3934.38
2092,2022-12-12,3990.56
2093,2022-12-13,4019.65
2094,2022-12-14,3995.32
2095,2022-12-15,3895.75
2096,2022-12-16,3852.36
2097,2022-12-19,3817.66
2098,2022-12-20,3821.62
2099,2022-12-21,3878.44
2100,2022-12-22,3822.39
2101,2022-12-23,3844.82
2102,2022-12-27,3829.25
2103,2022-12-28,3783.22
2104,2022-12-29,3849.28
2105,2022-12-30,3839.5
2106,2023-01-03,3824.14
2107,2023-01-04,3852.97
2108,2023-01-05,3808.1
2109,2023-01-06,3895.08
2110,2023-01-09,3892.09
2111,2023-01-10,3919.25
2112,2023-01-11,3969.61
2113,2023-01-12,3983.17
2114,2023-01-13,3999.09
2115,2023-01-17,3990.97
2116,2023-01-18,3928.86
2117,2023-01-19,3898.85
2118,2023-01-20,3972.61
2119,2023-01-23,4019.81
2120,2023-01-24,4016.95
2121,2023-01-25,4016.22
2122,2023-01-26,4060.43
2123,2023-01-27,4070.56
2124,2023-01-30,4017.77
2125,2023-01-31,4076.6
2126,2023-02-01,4119.21
2127,2023-02-02,4179.76
2128,2023-02-03,4136.48
2129,2023-02-06,4111.08
2130,2023-02-07,4164.0
2131,2023-02-08,4117.86
2132,2023-02-09,4081.5
2133,2023-02-10,4090.46
2134,2023-02-13,4137.29
2135,2023-02-14,4136.13
2136,2023-02-15,4147.6
2137,2023-02-16,4090.41
2138,2023-02-17,4079.09
2139,2023-02-21,3997.34
2140,2023-02-22,3991.05
2141,2023-02-23,4012.32
2142,2023-02-24,3970.04
2143,2023-02-27,3982.24
2144,2023-02-28,3970.15
2145,2023-03-01,3951.39
2146,2023-03-02,3981.35
2147,2023-03-03,4045.64
2148,2023-03-06,4048.42
2149,2023-03-07,3986.37
2150,2023-03-08,3992.01
2151,2023-03-09,3918.32
2152,2023-03-10,3861.59
2153,2023-03-13,3855.76
2154,2023-03-14,3919.29
2155,2023-03-15,3891.93
2156,2023-03-16,3960.28
2157,2023-03-17,3916.64
2158,2023-03-20,3951.57
2159,2023-03-21,4002.87
2160,2023-03-22,3936.97
2161,2023-03-23,3948.72
2162,2023-03-24,3970.99
2163,2023-03-27,3977.53
2164,2023-03-28,3971.27
2165,2023-03-29,4027.81
2166,2023-03-30,4050.83
2167,2023-03-31,4109.31
2168,2023-04-03,4124.51
2169,2023-04-04,4100.6
2170,2023-04-05,4090.38
2171,2023-04-06,4105.02
2172,2023-04-10,4109.11
2173,2023-04-11,4108.94
2174,2023-04-12,4091.95
2175,2023-04-13,4146.22
2176,2023-04-14,4137.64
2177,2023-04-17,4151.32
2178,2023-04-18,4154.87
2179,2023-04-19,4154.52
2180,2023-04-20,4129.79
2181,2023-04-21,4133.52
2182,2023-04-24,4137.04
2183,2023-04-25,4071.63
2184,2023-04-26,4055.99
2185,2023-04-27,4135.35
2186,2023-04-28,4169.48
2187,2023-05-01,4167.87
2188,2023-05-02,4119.58
2189,2023-05-03,4090.75
2190,2023-05-04,4061.22
2191,2023-05-05,4136.25
2192,2023-05-08,4138.12
2193,2023-05-09,4119.17
2194,2023-05-10,4137.64
2195,2023-05-11,4130.62
2196,2023-05-12,4124.08
2197,2023-05-15,4136.28
2198,2023-05-16,4109.9
2199,2023-05-17,4158.77
2200,2023-05-18,4198.05
2201,2023-05-19,4191.98
2202,2023-05-22,4192.63
2203,2023-05-23,4145.58
2204,2023-05-24,4115.24
2205,2023-05-25,4151.28
2206,2023-05-26,4205.45
2207,2023-05-30,4205.52
2208,2023-05-31,4179.83
2209,2023-06-01,4221.02
2210,2023-06-02,4282.37
2211,2023-06-05,4273.79
2212,2023-06-06,4283.85
2213,2023-06-07,4267.52
2214,2023-06-08,4293.93
2215,2023-06-09,4298.86
2216,2023-06-12,4338.93
2217,2023-06-13,4369.01
2218,2023-06-14,4372.59
2219,2023-06-15,4425.84
2220,2023-06-16,4409.59
2221,2023-06-20,4388.71
2222,2023-06-21,4365.69
2223,2023-06-22,4381.89
2224,2023-06-23,4348.33
2225,2023-06-26,4328.82
2226,2023-06-27,4378.41
2227,2023-06-28,4376.86
2228,2023-06-29,4396.44
2229,2023-06-30,4450.38
2230,2023-07-03,4455.59
2231,2023-07-05,4446.82
2232,2023-07-06,4411.59
2233,2023-07-07,4398.95
2234,2023-07-10,4409.53
2235,2023-07-11,4439.26
2236,2023-07-12,4472.16
2237,2023-07-13,4510.04
2238,2023-07-14,4505.42
2239,2023-07-17,4522.79
2240,2023-07-18,4554.98
2241,2023-07-19,4565.72
2242,2023-07-20,4534.87
2243,2023-07-21,4536.34
2244,2023-07-24,4554.64
2245,2023-07-25,4567.46
2246,2023-07-26,4566.75
2247,2023-07-27,4537.41
2248,2023-07-28,4582.23
2249,2023-07-31,4588.96
2250,2023-08-01,4576.73
2251,2023-08-02,4513.39
2252,2023-08-03,4501.89
2253,2023-08-04,4478.03
2254,2023-08-07,4518.44
2255,2023-08-08,4499.38
2256,2023-08-09,4467.71
2257,2023-08-10,4468.83
2258,2023-08-11,4464.05
2259,2023-08-14,4489.72
2260,2023-08-15,4437.86
2261,2023-08-16,4404.33
2262,2023-08-17,4370.36
2263,2023-08-18,4369.71
2264,2023-08-21,4399.77
2265,2023-08-22,4387.55
2266,2023-08-23,4436.01
2267,2023-08-24,4376.31
2268,2023-08-25,4405.71
2269,2023-08-28,4433.31
2270,2023-08-29,4497.63
2271,2023-08-30,4514.87
2272,2023-08-31,4507.66
2273,2023-09-01,4515.77
2274,2023-09-05,4496.83
2275,2023-09-06,4465.48
2276,2023-09-07,4451.14
2277,2023-09-08,4457.49
2278,2023-09-11,4487.46
2279,2023-09-12,4461.9
2280,2023-09-13,4467.44
2281,2023-09-14,4505.1
2282,2023-09-15,4450.32
2283,2023-09-18,4453.53
2284,2023-09-19,4443.95
2285,2023-09-20,4402.2
2286,2023-09-21,4330.0
2287,2023-09-22,4320.06
2288,2023-09-25,4337.44
2289,2023-09-26,4273.53
2290,2023-09-27,4274.51
2291,2023-09-28,4299.7
2292,2023-09-29,4288.05
2293,2023-10-02,4288.39
2294,2023-10-03,4229.45
2295,2023-10-04,4263.75
2296,2023-10-05,4258.19
2297,2023-10-06,4308.5
2298,2023-10-09,4335.66
2299,2023-10-10,4358.24
2300,2023-10-11,4376.95
2301,2023-10-12,4349.61
2302,2023-10-13,4327.78
2303,2023-10-16,4373.63
2304,2023-10-17,4373.2
2305,2023-10-18,4314.6
2306,2023-10-19,4278.0
2307,2023-10-20,4224.16
2308,2023-10-23,4217.04
2309,2023-10-24,4247.68
2310,2023-10-25,4186.77
2311,2023-10-26,4137.23
2312,2023-10-27,4117.37
2313,2023-10-30,4166.82
2314,2023-10-31,4193.8
2315,2023-11-01,4237.86
2316,2023-11-02,4317.78
2317,2023-11-03,4358.34
2318,2023-11-06,4365.98
2319,2023-11-07,4378.38
2320,2023-11-08,4382.78
2321,2023-11-09,4347.35
2322,2023-11-10,4415.24
2323,2023-11-13,4411.55
2324,2023-11-14,4495.7
2325,2023-11-15,4502.88
2326,2023-11-16,4508.24
2327,2023-11-17,4514.02
2328,2023-11-20,4547.38
2329,2023-11-21,4538.19
2330,2023-11-22,4556.62
2331,2023-11-24,4559.34
2332,2023-11-27,4550.43
2333,2023-11-28,4554.89
2334,2023-11-29,4550.58
2335,2023-11-30,4567.8
2336,2023-12-01,4594.63
2337,2023-12-04,4569.78
2338,2023-12-05,4567.18
2339,2023-12-06,4549.34
2340,2023-12-07,4585.59
2341,2023-12-08,4604.37
2342,2023-12-11,4622.44
2343,2023-12-12,4643.7
2344,2023-12-13,4707.09
2345,2023-12-14,4719.55
2346,2023-12-15,4719.19
2347,2023-12-18,4740.56
2348,2023-12-19,4768.37
2349,2023-12-20,4698.35
2350,2023-12-21,4746.75
2351,2023-12-22,4754.63
2352,2023-12-26,4774.75
2353,2023-12-27,4781.58
2354,2023-12-28,4783.35
2355,2023-12-29,4769.83
2356,2024-01-02,4742.83
2357,2024-01-03,4704.81
2358,2024-01-04,4688.68
2359,2024-01-05,4697.24
2360,2024-01-08,4763.54
2361,2024-01-09,4756.5
2362,2024-01-10,4783.45
2363,2024-01-11,4780.24
2364,2024-01-12,4783.83
2365,2024-01-16,4765.98
2366,2024-01-17,4739.21
2367,2024-01-18,4780.94
2368,2024-01-19,4839.81
2369,2024-01-22,4850.43
2370,2024-01-23,4864.6
2371,2024-01-24,4868.55
2372,2024-01-25,4894.16
2373,2024-01-26,4890.97
2374,2024-01-29,4927.93
2375,2024-01-30,4924.97
2376,2024-01-31,4845.65
2377,2024-02-01,4906.19
2378,2024-02-02,4958.61
2379,2024-02-05,4942.81
2380,2024-02-06,4954.23
2381,2024-02-07,4995.06
2382,2024-02-08,4997.91
2383,2024-02-09,5026.61
2384,2024-02-12,5021.84
2385,2024-02-13,4953.17
2386,2024-02-14,5000.62
2387,2024-02-15,5029.73
2388,2024-02-16,5005.57
2389,2024-02-20,4975.51
2390,2024-02-21,4981.8
2391,2024-02-22,5087.03
2392,2024-02-23,5088.8
2393,2024-02-26,5069.53
2394,2024-02-27,5078.18
2395,2024-02-28,5069.76
2396,2024-02-29,5096.27
2397,2024-03-01,5137.08
2398,2024-03-04,5130.95
2399,2024-03-05,5078.65
2400,2024-03-06,5104.76
2401,2024-03-07,5157.36
2402,2024-03-08,5123.69
2403,2024-03-11,5117.94
2404,2024-03-12,5175.27
2405,2024-03-13,5165.31
2406,2024-03-14,5150.48
2407,2024-03-15,5117.09
2408,2024-03-18,5149.42
2409,2024-03-19,5178.51
2410,2024-03-20,5224.62
2411,2024-03-21,5241.53
2412,2024-03-22,5234.18
2413,2024-03-25,5218.19
2414,2024-03-26,5203.58
2415,2024-03-27,5248.49
2416,2024-03-28,5254.35
2417,2024-04-01,5243.77
2418,2024-04-02,5205.81
2419,2024-04-03,5211.49
2420,2024-04-04,5147.21
2421,2024-04-05,5204.34
2422,2024-04-08,5202.39
2423,2024-04-09,5209.91
2424,2024-04-10,5160.64
2425,2024-04-11,5199.06
2426,2024-04-12,5123.41
2427,2024-04-15,5061.82
2428,2024-04-16,5051.41
2429,2024-04-17,5022.21
2430,2024-04-18,5011.12
2431,2024-04-19,4967.23
2432,2024-04-22,5010.6
2433,2024-04-23,5070.55
2434,2024-04-24,5071.63
2435,2024-04-25,5048.42
2436,2024-04-26,5099.96
2437,2024-04-29,5116.17
2438,2024-04-30,5035.69
2439,2024-05-01,5018.39
2440,2024-05-02,5064.2
2441,2024-05-03,5127.79
2442,2024-05-06,5180.74
2443,2024-05-07,5187.7
2444,2024-05-08,5187.67
2445,2024-05-09,5214.08
2446,2024-05-10,5222.68
2447,2024-05-13,5221.42
2448,2024-05-14,5246.68
2449,2024-05-15,5308.15
2450,2024-05-16,5297.1
2451,2024-05-17,5303.27
2452,2024-05-20,5308.13
2453,2024-05-21,5321.41
2454,2024-05-22,5307.01
2455,2024-05-23,5267.84
2456,2024-05-24,5304.72
2457,2024-05-28,5306.04
2458,2024-05-29,5266.95
2459,2024-05-30,5235.48
2460,2024-05-31,5277.51
2461,2024-06-03,5283.4
2462,2024-06-04,5291.34
2463,2024-06-05,5354.03
2464,2024-06-06,5352.96
2465,2024-06-07,5346.99
2466,2024-06-10,5360.79
2467,2024-06-11,5375.32
2468,2024-06-12,5421.03
2469,2024-06-13,5433.74
2470,2024-06-14,5431.6
2471,2024-06-17,5473.23
2472,2024-06-18,5487.03
2473,2024-06-20,5473.17
2474,2024-06-21,5464.62
2475,2024-06-24,5447.87
2476,2024-06-25,5469.3
2477,2024-06-26,5477.9
2478,2024-06-27,5482.87
2479,2024-06-28,5460.48
2480,2024-07-01,5475.09
2481,2024-07-02,5509.01
2482,2024-07-03,5537.02
2483,2024-07-05,5567.19
2484,2024-07-08,5572.85
2485,2024-07-09,5576.98
2486,2024-07-10,5633.91
2487,2024-07-11,5584.54
2488,2024-07-12,5615.35
2489,2024-07-15,5631.22
2490,2024-07-16,5667.2
2491,2024-07-17,5588.27
2492,2024-07-18,5544.59
2493,2024-07-19,5505.0
2494,2024-07-22,5564.41
2495,2024-07-23,5555.74
2496,2024-07-24,5427.13
2497,2024-07-25,5399.22
2498,2024-07-26,5459.1
2499,2024-07-29,5463.54
2500,2024-07-30,5436.44
2501,2024-07-31,5522.3
2502,2024-08-01,5446.68
2503,2024-08-02,5346.56
2504,2024-08-05,5186.33
2505,2024-08-06,5240.03
2506,2024-08-07,5199.5
2507,2024-08-08,5319.31
2508,2024-08-09,5344.16
2509,2024-08-12,5344.39
2510,2024-08-13,5434.43
2511,2024-08-14,5455.21
2512,2024-08-15,5543.22
2513,2024-08-16,5554.25
2514,2024-08-19,5608.25
2515,2024-08-20,5597.12
